{
    
    "square": [
    [1.533947, 69.415863, 48.894363], [1.352698, 66.291924, -16.120075], [6.732547, 86.696220, -30.688669], [14.331338, 110.191399, -44.725540], [8.194993, 61.115593, -10.049705], [-10.398190, 15.971215, 26.799973], [-29.068539, 33.345322, 19.450859], [-61.635826, 85.088440, -25.355122], [24.365646, 59.243614, -29.665802], [38.364178, 38.952950, -57.460388], [6.622666, 10.191395, 6.806462], [5.893704, 23.303324, 24.348524], [21.973370, 90.900177, 7.049808], [21.749159, 108.696899, 14.583447], [29.582348, 76.952927, 41.742134], [31.023960, 54.960163, 21.321377], [2.815051, 69.041229, -3.069227], [-43.406166, 98.660164, -58.257858], [-1.660735, 66.814384, -4.149290],
    ],

    "triangle": [
    [3.512851, 62.732609, 17.307697], [17.387463, 59.928272, 11.309250], [29.051590, 71.015442, -6.284303], [31.323397, 114.452538, -15.889951], [26.688538, 82.190758, 32.865620], [21.058784, 23.987919, 22.853029], [4.688577, 14.452535, -14.632312], [-11.906567, 37.494568, 13.064102], [13.010873, 54.124985, 37.011566], [88.093437, 61.909119, -31.912628], [59.578045, 49.385990, 45.304234], [58.561878, 54.833576, 68.087372], [72.661201, 33.787514, 15.399734], [58.288963, 18.253759, -6.503431], [1.523019, 66.767639, 11.782188], [10.937171, 67.358467, 18.690737], [27.510681, 57.636429, 23.260288],
    ],
    

    "Z": [
    [0.417642, 58.738960, 28.483381], [10.336825, 53.750393, 28.909477], [5.542312, 63.969379, 23.727953], [-10.245167, 82.268234, 72.665344], [-3.497302, 68.751236, 68.178101], [21.433289, 34.628742, 55.149200], [37.235409, 27.763945, 24.324162], [33.927128, 13.257797, 29.125803], [25.138863, 3.623326, 94.374153], [16.996613, 78.410339, 114.146828], [5.063193, 103.623322, 86.363205], [-0.890453, 83.780869, 61.118961], [-44.346478, 82.492188, 63.983044], [-8.494181, 34.239265, 123.727959], [55.653526, 17.401937, 43.801548], [22.633812, 50.154446, 49.729198], [15.078347, 51.236683, 45.139416],
    ],

    "circle": [
    [27.952394, 48.364651, 2.565863], [38.873772, 41.629536, 5.238960], [74.986229, 12.754872, 15.367217], [71.788033, -10.138262, 15.358686], [54.983952, -7.251806, 6.148421], [33.166794, 16.508038, 13.279732], [33.219021, 29.596537, 57.208977], [75.278053, 40.129356, 97.513908], [105.101357, 37.190975, 94.189171], [95.027969, 32.625267, 93.019455], [98.717346, 23.005350, 92.617378], [130.614426, -35.221413, 83.832108], [133.166794, -46.347797, 61.037792], [91.545738, -38.399212, 25.659157], [54.388657, -17.570749, 5.385833], [42.013020, 5.536508, -2.486083], [35.467529, 16.136539, -2.457111], [47.309486, 52.865829, 17.680651], [66.441513, 53.652199, 23.039566],
    ],

}